sequence,label
RPFERDISNVPFS,1
SWFITQRNFFSPQII,1
DIDFLIEEIERLGQDL,1
NFFRMVISNPAAT,1
NFIRMVISNPAAT,1
SLQPLALEGSLQSRG,1
CFWYIPPSLRTLEDN,1
ERMSRLSKVAPVIKA,1
SRLSKVAPVIKARMMEYGTT,1
FFYTPMSRREVED,1
KKGAAALGIGTDSVI,1
LKKMREIIGWPGGSG,1
DSVTPMILKAQKGGNL,1
VPPSLRTLEDNEERMSRLSK,1
YVVKSFDRSTKVIDFHYPNE,1
AVRPLWVRME,1
DAEFRHDSGYEVHHQKLVFFAEDVGSNKGAIIGLMVGGVV,1
DYEYLINVIHAFQYV,1
LALEGSLQK,1
LVEALYLVCGERGFFYT,1
SRLSKVAPVIKA,1
APVIKARMMEYGTT,1
CLELAEYLYNI,1
ILLQYVVKSFDR,1
LCGSHLVEALYLVCGER,1
MMIARFKMFPEVKEKGMAAL,1
PSLRTLEDNEERMSRLSKVA,1
RRILEAKQKGFV,1
SPSLWEIEFAKQLASV,1
SPSLWEIEIAKQLASV,1
YEMVFDGKPQHTNVCFWYIP,1
YGAFDPLLAVADICKKYKIW,1
GSLQPLALEGSLQKRGIV,1
HTPGVHMASLSVYLKTNVFL,1
SEHIWCEDFLVRSFYLKNVQ,1
WYVMVTAALSYTISRMEESSVTL,1
TGHMILAYMEDHLRNRDR,1
YVRPLWVRME,1
DWIHIDTTPFAGL,1
PTGPLGPKGQTGELGIAGFKGEQGPK,1
QKRAAYDQYGHAAFE,1
YAKQATLALA,1
ATEGQVRVNSIYQDK,1
ATEGRVRVNSAYQDK,1
GEPGIAGFKGDQGPKGEPGPA,1
GEPGIAGFKGEQGPKGEPGPA,1
NTYKHRLQKRTMRPT,1
QTGKPGIAGFKGEQGPKGEP,1
TYKRRLQKR,1
EYGTTMVSYQPLGDK,1
GNQWVGYDDQESVKSK,1
NFGSQRFSKIASNTQS,1
SYQPLGDKVNFFR,1
CIPYVRGGGAVPPAC,1
GPAGPAGER,1
IAGFKGEQ,1
LNSKIAFKIVSQEPA,1
GRSFTLASSETGVGA,1
NFFRMVISNPAA,1
VKMAETCPIFYDVFFAVANG,1
CLRCQKPLNPAEKLR,1
GLYNLLIRCLRCQKP,1
GRRITTRRIMENGQE,1
LFVVYRDSIPHAACH,1
PGMVQQIQSVCMECQ,1
SGPFFTFSSSFPGHS,1
CVYCKTVLELTEVPAV,1
DIEITCVYCKTVLEL,1
DKKQRFHNIRGRWTG,1
LSRFSWGAEGQRPGFGYGG,1
NTWTTCQSIAAPSK,1
PIRALVGDEVELPCRISPGK,1
RQIFGDYKTTIC,1
SKIFKLGGRDSRSGSPMARR,1
DEGGYTCFFRDHSYQ,1
MIAATYNFAVLKLMGRGTKF,1
YTTGAVRQIFGDYKTTICGK,1
SSKRGRQTPVLYAMLDHSRS,1
ASGGTFSSFAINWVRQAPGQ,1
IVTTSTNDWVVTCSYTIPTCRKMDE,1
QKFSEHFSIHCCPPFTFLNSKR,1
QKYSEHFSIHCCPPFTFLNSKK,1
SGSSSPTHAKSAHV,1
YTTGAVRQIFG,1
GENRFYYSSGSSSPTHAKSA,1
MEVGWYRSPFSRVVHLYRNGK,1
ENPVVHFFFNIVTPRTP,1
ELPCRISPGKNATGMEVGWY,1
AYVLLSEKKISSIQS,1
GEALSTLVLNRLKVG,1
GEALSTLVVNKIRGT,1
IAGLFLTTEAVVADK,1
KNIVTPRTPPPSQGKGRGL,1
PSQGKGRGLSLSRFSWGAE,1
QRPGFGYGGRASDYKSAHK,1
SLPQKSHGRTQDENPVVHF,1
KEEDWICCACQKTRTSRRAKPPQ,1
GWYRSPFSRVVH,1
SSLGRAGLTYEQYFG,1
AAFVGAAATLVSLLTFMIAATYNFAVLKLMGR,1
ASDYKSAHKGFKGVDAQGT,1
FGVALFCGCEVEALTGTEKLIETYFSKNYQD,1
FKGVDAQGTLSKIFKLGGR,1
GSKYLATASTMDHARHGFLPRHRDTGILDSIGRFFGGDRG,1
GTASFFFLYGALLLAYGFYTTGAVRQIFGDYK,1
HHPARTAHYGSLPQKSHGR,1
IGRFFGGDRGAPKRGSGKDSHHPARTAHY,1
KGRGSRGQHQAHSLERVCHCLGCWLGHPDKFV,1
KVCGSNLLSICKTAEFQMTFHLFIAAFVGAAA,1
LGHPDKFVGITYALTVVWLLVFACSAVPVYIY,1
RQIFGDYKTTCGKGLSATVTGGQKGRGSRGQ,1
SASIGTLCADARMYGVLPWNAFFGKVCGSNLL,1
SAVPVYIYFNTWTTCQSIAAPCKTSASIGTLC,1
YFSKNYQDYEYLINVIHAFQYVIYGTASFFFL,1
RIHMVYSKRSGKPRGYAFIEY,1
TYTEHAKRKTVTAMDVVYALKRQ,1
VEPKVKSKKREAVAGRGRGRGRGRGRGRGRGRGGPRR,1
ENPVVHYFKNIVTPR,1
IGGRVHFFKDISPIASSE,1
LGIWTYDGTKVSISPES,1
DYTGKIMWTPPAIFKS,1
VIVELIPSTSSAV,1
MESGEWVIKE,1
PYAVAFQPLLAYAY,1
YDGSVVAINP,1
EGKQSLTKLAAAWGGSGSEA,1
GDLLAEIETDKATI,1
GPTHLFQPSLVLDMAKVLLD,1
SGIPYIISYLHPGNTILHVD,1
DEVLVEIETDKVVL,1
IEIGLEGKGFEPTLEALFGK,1
KQVHPDTGISSKAMG,1
LIYEETRGVLKVFLE,1
AEVSYVHVNGAK,1
PKKGSKKAVTKAQKKDGKKRKRSR,1
RDAVTYTEHAKRKTV,1
FQDTHNNAHYYVFFEEQEDE,1
KRKLEGDLKLTQESIMDLENDKQQL,1
YDYTICGDSEDMVCTPKSDE,1
WEGVGVVPDVAVP,1
DSAFDVLSFTAEEKAGVYK,1
EICPAVKRDVDLFLTGT,1
SLGWATLVGEITAGNLLHTR,1
HPGNTILHVDTIYNRPSNTT,1
AAFNNAIKAGTGGAY,1
AAPANDKFTVFEAAF,1
EIRLKVFVLGGCRHK,1
AFKVAATAANAAPAN,1
ALKELPLLKFLGIFNTGLKM,1
APADDKFTVFEAAFN,1
DKFTVFEAAFNDAIK,1
EKVDAAFKVAATAAN,1
FAEYKSDYVYQPFPK,1
KAIKESTGGAYDTYK,1
KFTVFEAAFNKAIKE,1
LNKNKYLTVIDKDAFG,1
NSFKPFAEYKSDYVY,1
WGAIWRIDTPDKLTG,1
YFLLKWLGHPNVS,1
FEELIKFSFHTNVLEDNIGY,1
ELEKYQQLNSERGVPN,1
LPISETGGGTPELRCGKHQA,1
AAALGIGTDSVILIK,1
KAKRLHLSPVRLAELHSDLKIQE,1
ALASPGSCLEEFRASPFLEC,1
ENRYCVQLSQIQGLI,1
FTTMPFLFCNVNDVCNFASR,1
HGRGTCNYYSNSYSFWLASL,1
KIISRCQVCMKKRH,1
LWKGFSFIMFTSAGSEGTGQ,1
NDYSYWLSIPALMPMNMAPI,1
PITAKAIAASVG,1
PLLCVGLRPQWE,1
PSTVKAGELEKIISRCQVCM,1
SPATWTTRGFVFTRHSQTTA,1
TSAGSEGTGQALASPGSCLE,1
VFTRHSQTTAIPSCPEGTVPL,1
VNDVCNFASRNDYSYWLSTPA,1
VRALEEANTELEVKI,1
ATEGRVRVNSAY,1
AISGSSLAHPQRKIS,1
HSWSSVAFNLFMLAL,1
FLPLLALLALWEPKPTQA,1
NMYAMMIARFKMFPEVKE,1
ALKALNAHWSADAVY,1
AMKRKVNLKTQQSQHPTDAL,1
KVSFFCKNKEKKCSY,1
LYKHPDNIDVWLGGLAENFL,1
MTCENQNPCFPIQLP,1
SFYLKNVQTQETRTLTQFHF,1
ENPVVHFFKNIVTPR,1
ENPVVHFFKNIVTPRTP,1
CDVGSDWRFLRGYHQYAYDGKD,1
GMYPVEIWHPDPAKN,1
LLEQKRGRVDNYCRHNYGV,1
NEYLLPQTVWARF,1
EYVTLKKMREIIGW,1
GSHSLRYFLTAVSRPGLGE,1
REEALHQFRSGRKPI,1
DVMNILLQYVVKSFDRSTKV,1
GAGSLQPLALEGSLQKRGIV,1
KDYRAYYTFLNFMSNVGDPR,1
KWCANPDWIHIDTTPFAGLV,1
LIAFTSEHSHFSLKKGAAAL,1
RLQQLVLDPGFLGLEPLLDL,1
EQVAQYKALPVVLENA,1
AELENQVHRLEQELK,1
ALEKAASEEMDKAVA,1
APAPQPAPAPKPEKP,1
DAEEVAPQAKIAELE,1
EDYAKEGFRAPLQSK,1
EKKATEAKQKVDAEE,1
KREEEAKTKFNTVRA,1
LEEAKAKLEEAEKKA,1
LQSKLDAKKAKLSKL,1
PEKPAPAPETPAPEA,1
QELKEIDESESEDYA,1
SMATGWLQNNGSWYY,1
SWYYLNSNGAMATGW,1
TGWVKDGDTWYYLEA,1
YLEASGAMKASQWFK,1
TLVVNRLRGSLKICAVKAPG,1
TVPGGGTTYIRAIAALEGLK,1
KPVSPMRMATPLLMR,1
MRMATPLLMRPLSMD,1
ESSPNTQWELRAFMA,1
SFLLDILGATGSDSLTLV,1
ETLLRAVESYLLAHS,1
AKRLDACQDQLLE,1
EKLKHILGKARFIKLN,1
PIVQLQGDSNCLKCFR,1
ENIQRFLPNPAGVQLEDPEF,1
QRFLPNPAGVQL,1
VEALYLVCGEEG,1
TPSYVAFTDTERLIG,1
FNEIRRVLLEENAGGEQEER,1
AVNIVGYSNAQGVDY,1
EYKILEKMPQTTIQVDGSEKKI,1
LRQMRTVTPIRMQGG,1
PCIIHRGKPFQLEAV,1
RFGISNYCQIYPPNV,1
EYLNKIQNSLSTEWSPCSVT,1
FAAQKAKANKAVD,1
AAPYFLGSVI,1
FCLGGGLCL,1
MCTYSNEFCL,1
PYFLGSVI,1
NDFLKTGHYTQMVWA,1
AVQNTVEDLKLNTLGR,1
ISFSKDCMGEAVQNTV,1
RALPVVLENARILKNCV,1
SRVLDGLVMTTISSSK,1
TAMKKIQDCYVENGLI,1
SHLVEALYLVCGEEG,1
SHLVEALYLVCGGEG,1
FEAQKAKANKAVD,1
EFRHDSGY,1
VVFFKNIILIGFL,1
GKMVAPSFTAEEKAQK,1
RNIPPRMFTAEEKAEA,1
FGLLAQVTPEQTIRT,1
GLIGLIGPPGEQGEK,1
NIRFRYIVLQDTCSK,1
PGAIGTDGTPGAKGP,1
PGEVGFAGSPGARGF,1
QMTFLRLLSASAHQN,1
KGGKGLGKGGAKRHR,1
TEHAKRKTVTAMDVV,1
AELKKQSKPVT,1
LLILRAIPKGIRDKGAK,1
GKKVIAQDVIPVNWKPDTVY,1
GSNPNYLAMLVKFVADDGDI,1
IAPYHFDLSGKAFGAMAKPG,1
FEAQKAKANRAVD,1
FEAQKARANKAVD,1
YLYQLSPPITWPL,1
TLDLNTPVDKTSN,1
ERTYLVNDKAAKMHA,1
EVKEKGMAALPRLIA,1
YAYAKWKLCSASAI,1
GATRDRPLWIIFSGN,1
FYKNLIWLVKKGNSYPKLSK,1
GETLLRAVESYLLAHS,1
GSENKRTGALGNLKN,1
ESSVDDRPMKTVSQD,1
HEYEPLPEDVKKTSE,1
KLIVTSEGAFKYFSK,1
LRQTKVPSLFVESSV,1
TPEQIKTLVEKLRQT,1
YFSKAYGVPSAYIWE,1
GIVKENIIDLTKIDRCFQ,1
AGTIAGLNVLRIINE,1
ANGILNVSAVDKSTG,1
EEPIAPYHFDLSGHAFGAMA,1
GGAYDTYKCIPSLEAAVKQA,1
GIDFYTSITRARFEE,1
LNVLRIINEPTAAAI,1
NRMVNHFIAEFKRKH,1
YEGERAMTKDNNLLG,1
AAILRRHIDLLVGSATLCSALY,1
AARVTQILSSLTITQLLKRLHQWI,1
PGEINRVASCLRKLGVPPLRAY,1
VDLLVNLLPAILSPGA,1
HCLGKWLGHPDKF,1
HGRQIRMAKLLGRDPE,1
DIFERIAGEASRLAH,1
DNKKTRIIPRHLQLA,1
EASEAYLVGLFEDTN,1
GAKRHRKVLRDNIQG,1
GSKKAVTKAQKKDGK,1
GVLPNIQAVLLPKKT,1
LGKVTIAQGGVLPNI,1
LRKGNYAERVGAGAP,1
QAVLLPKKTESQKTK,1
QSSAVMALQEASEAY,1
HSLGKALGHPDKF,1
HSLGKQLGHPDKF,1
HSLGKWLGHPDKF,1
IDYFDARLLPGVFTV,1
IIFIFRRDLLCPLGAL,1
IRQAGVQYSR,1
ISIKYDPRKDSEVFA,1
ISQAVHAAHAEINEAGR,1
ISVLKSRLLKRKKYI,1
IVDTISDFRAAIANYHYDAD,1
KCIEWEKAQHGA,1
KDILEDERAAVDTYC,1
KENALSLLDKIYTSPL,1
KRHRKVLRDNIQGITKPAIRRLAR,1
KRVFCAAVGRLAA,1
KTVTAMDVVYALKRQ,1
LLPIFFCLW,1
LREAAEKAKIELSSSQSTS,1
LSFLPSDFFPSVRDL,1
LTAELKIYSVIQAEINKHL,1
LVVFSDPNADAATSV,1
MGETLLRAVESYLLAHSD,1
MTEQQWNFAGIEAAASAIQG,1
NERAKSPAAMTAEDE,1
NHLYETPISATAMVI,1
NMYAMMIARFKMFPEVKEKG,1
NYETETTSVIPAARL,1
PGTIKKISFPEGFPFKYV,1
PKYVKQNTLKLAT,1
PPAYRPPNAPILSTL,1
PYILLVSSKVSTVKD,1
QLVKDKNIDISIKYDPRKDSE,1
QQPQDAVQPF,1
QTLIAIHTLAIRYAN,1
QVYSLIRPNENPAHK,1
RAVESYLLAHSDAYN,1
RILKNCVDAKMTEEDKE,1
RQIRMAKLLGRDPEQS,1
RSRNEALRVKKKMEGDLN,1
RSRYLTAAAVTAVLQ,1
SFERFEIFPKE,1
SHLVEALYLVCGERG,1
SILKISNKYHTK,1
SLSVYDLESKAVIAEL,1
SRLSKVAPVIKARMM,1
SYSYNKDNNELSHFA,1
TFGLQLELT,1
CHGSEPCIIHRGKPF,1
TLLRAVESYLLA,1
TLLRAVESYLLAHSD,1
TRPYRYPRVCDASLS,1
TTCSDKSRPLNDLVS,1
TVTRGTISDPQRAKEALDKY,1
TVYGAFDPLLAVAD,1
TVYVRPIIEDYHTLT,1
TYEIAPVFVLLEYVT,1
TYTEHAKRKTVTAMDVVYALKRQG,1
VDPMDEPTLLYVLFE,1
VHFFKNIVTPRTP,1
VIKGGRHLIFCHSKKKCD,1
VLVMLVLLILAYRRRWRRLTV,1
VMHFSLTADRGGELKIYSVIQA,1
VSQIFPDSVMLAVQE,1
WASVRFSW,1
YFVGKMYFNLID,1
YLLFCMENSAE,1
DAEFRHDSGYEVHHQKLVFFAEDVGSNKGAIIGLMVGGVVIA,1
DIELLKKILAGGFIQKYDSVMQ,1
AEERADIAESQVNKLRAK,1
DKLKQQRDTLSTQKET,1
DNQLQNGIKRVKEFL,1
ELLLDLSLTKVNATEPE,1
ENARILKNCVDAKMTEE,1
FAVANGNELLLDLSLTK,1
RVLDGLVMTTISSSKDC,1
VKMAETCPIFYDVFFAV,1
ISVKNAEKVQTAGIVTPYDI,1
RDYVSELPTEVQKLKEKCDG,1
DAFSLDVSEKSGN,1
,0
IPPSLRTLEDNEERMSRLSK,0
AGSLQPLALEGSLQKRG,0
EVKEKGMAALPRLIAFTSEH,0
HTNVCFWYIPPSLRTLEDNE,0
NFFRMVISNPA,0
LHRSGVLIIHHLQEDYRTY,0
DTPYLDITYHFVMQRLPL,0
SHLVEALYLVAGERG,0
TAALSYTISRMEESSVTL,0
FKGEQGPKGE,0
IWYINCFGCETHAML,0
GTSLTIPCYFIDPMH,0
YLAWQAGMDMCSAGW,0
GQVSSALAPCIP,0
LARTTPDRQAAC,0
NNAAALPGKCGV,0
VNNLARTTPDRQAAC,0
VNPNNAAALPGK,0
VPGVNPNNAAALPGK,0
QGFFAVQQTCPHCQG,0
STHVDIRTLEDLLMG,0
DCVMATGLYHCK,0
QYPSGEGSFQPSQENPQA,0
VASLLTTAEVVVTEI,0
KERYSTLYISNAQVE,0
YALKRQGRTLYG,0
WLKVKILPEVKEKHEFLNRL,0
VIVKLIPSTSSAV,0
WTILKPSDTINFESN,0
KRHRKVLRDNIQGITKPAIRRIAR,0
SHRTATAAEELA,0
EEQEDEIIGFGQELKNPQEE,0
ITDNPYMTSIPVNAFQGLC,0
ADKDVVVLTSSRTGGV,0
GPTHLFQPSLVLDMAK,0
AAAGAEAGKATTEEQ,0
AAASVPAADKFKTFE,0
AAATATATAAVGAAT,0
AADHAAPEDKYEAFV,0
AAESSSKAALTSKLD,0
AAFTSSSKAATAKAP,0
AAGAATTAAGAASGA,0
AAGVPPADKYRTFVA,0
AAKEDFLGCLVKEIP,0
AAKPAAAATATATAA,0
AALAAAAGVPPADKY,0
AAPAAGYTPATPAAP,0
AAPGAGYTPATPAAP,0
AAPLSWSKDIYNYME,0
AASGAATVAAGGYKV,0
AASGADGTYDITKLG,0
AATGAATAATGGYKV,0
AAVGATPEAKFDSFV,0
AAYKLAYKTAEGATP,0
ADAGYAPATPAAAGA,0
ADLGYGPATPAAPAA,0
AEDVIPEGWKADTSY,0
AEEVKVIPAGELQVI,0
AEGGKATTEEQKLIE,0
AEGLSGEPKGAAESS,0
AEVELRQHGSEEWEP,0
AFALVLLFCALASSC,0
AGAEPAGKATTEEQK,0
AGALEVHAVKPVTEE,0
AGDGDVVAVDIKEKG,0
AGIMIFDPYGATISA,0
AGKATTEEQKLIEKI,0
AGSYAADLGYGPATP,0
AHGIPKVPPGPNITA,0
AIKAGTGGAYESYKF,0
AIPKVPPGPNITATY,0
AITAMSEAQKAAKPA,0
AKDVIPEGWKADTAY,0
AKPDGKTDCTKEVEE,0
AKSSPAYPSVLGQTI,0
ALEDDLLNRNNSFKP,0
ALHIIAGTPEVHAVK,0
ALKESWGAIWRIDTP,0
ALRIIAGTPEVHAVK,0
ALRVIAGALEVHAVK,0
ALSYYPTPLAKEDFL,0
ALTKAITAMSEVQKV,0
ANGKLHDKKSMGDDH,0
ANWIEIMRIKKLTIT,0
APATPAAAGAEAGKA,0
APEDKYEAFVLHFSE,0
APEVKYTVFETALKK,0
APGAAAAPLSWSKDI,0
APGDSPNTDGIHIGD,0
APPPQLPRPPATPPP,0
APQLPDDLMIRVIAQ,0
APTGATTAAAGGYKV,0
APTGMFVAAAKYMVI,0
APTGMFVAGAKYMVI,0
AQGPKATFEAMYLGT,0
ARVTVKDVTFRNITG,0
ASAAIFGHDGTVWAQ,0
ASAAILGHDGTVWAQ,0
ASEGAVDIINRWQVV,0
ASLTEALRVIAGALE,0
ASTGGAYESYKFIPA,0
ATAANAAPANDKFTV,0
ATATATSAVGAPTGA,0
ATFEAMYLGTCKTLT,0
ATISATPESATPFPH,0
ATPEAKYDAYVATLS,0
ATPPPPPPPQLGASP,0
ATSPTAEGGKATTEE,0
ATTANVPPADKYKTF,0
ATTEEQKLIEDINAS,0
ATTEEQKLIEDVNAS,0
ATVATAPEVKYTVFE,0
AVIRGKKGAGGITIK,0
AVKPAAEEVKVIPAG,0
AVQVTFTVQKGSDPK,0
AVVCGRRHGVRIRVR,0
AVWGKNSCAKNYNCK,0
AVWVDGKARTAWVDS,0
AWASACGGTGKNTIV,0
AWVDSGAQLGELYYA,0
AYESYKFIPALEAAV,0
AYGIPKVPPGPNITA,0
AYKTAEGATPEAKYD,0
AYPSVLGQTIRNSRW,0
AYVATVSEALRIIAG,0
CDDALIEGITLLNAK,0
CGGTGKNTIVIPKGD,0
CGRRHSVRIRVRSGG,0
CIPSLEAAVKQAYAA,0
CKTLTPLMSSKFPEL,0
CNANPGLMKDVAKVF,0
CSGEPVVVHITDDNE,0
CTNAKVTAKGVSEAN,0
CVPKVTFTVEKGSNE,0
DCISIGPGSTGLNIT,0
DDLMIRVIAQGPTAT,0
DFNEFISFCNANPGL,0
DGQGKAVWGKNSCAK,0
DGTYDITKLGAKPDG,0
DIDLGRNEVVNDVST,0
DINASFRAAMATTAN,0
DITVKNCVLKKSTNG,0
DKGPGFVVTGRVYCD,0
DKLTGPFTVRYTTEG,0
DLGRNEVVNDVSTFS,0
DLGYAPATPAAPGAG,0
DSEEPLQGPFNFRFL,0
DVNASFRAAMATTAN,0
DVTITAPGDSPNTDG,0
DVVPEKYTIGATYAP,0
EAAFNKAIKESTGGA,0
EAAFTVSSKRNLADA,0
EAAVKQAYAATVAAA,0
EAGKATTEEQKLIED,0
EAKYDAYVATVSEAL,0
EATTDGLGWYKIEID,0
EAVSLLCSDKQPCNG,0
ECGGILQAYDLRDAP,0
EDDLLNRNNTFKPFA,0
EDVGYPIIIDQKYCP,0
EEWEPLTKKGNVWEV,0
EGATPEAKYDAYVAT,0
EGHHLASAAIFGHDG,0
EGHHLASAAILGHDG,0
EGTKVTFHVEKGSNP,0
EHGSDEWVAMTKGEG,0
EICEVVLAKSPDTTC,0
EIDTDGDGFIDFNEF,0
EITGIMKDFDEPGHL,0
EITGIMKDLDEPGHL,0
EKDVTDITVKNCVLK,0
ELKESWGAIWRIDTP,0
ELQVIEKVDAAFKVA,0
ELYYAIHKASTVLAF,0
ELYYAIYKASPTLAF,0
ENVIDVKLVDANGKL,0
ENVKMEDVGYPIIID,0
EPFPKRVWEQIFSTW,0
EPGHLAPTGMFVAAA,0
EPGHLAPTGMFVAGA,0
EPIAAYHFDLSGIAF,0
EPIAPYHFDLSGHAF,0
ERIFKRFDTNGDGKI,0
EVELREHGSDEWVAM,0
EVIPTAFKIGKTYTP,0
EVIPTAFSIGKTYKP,0
EVLKGPFTVRYTTEG,0
EVQKVSQPATGAATV,0
EVVNDVSTFSSGLVW,0
EWATPFPHRKGVLFN,0
EWVAMTKGEGGVWTF,0
EYKSDYVYEPFPKEV,0
FAGAWCVPKVTFTVE,0
FAVVDLNKMRAVWVD,0
FDPYGATISATPESA,0
FDSFVASLTEALRVI,0
FEAAFNDAIKASTGG,0
FEAMYLGTCQTLTPM,0
FEIKCTKPEACSGEP,0
FERLAITKGKVDPTD,0
FETNVSHNVQGATVA,0
FFHMNIYECKGVTVK,0
FGHDGTVWAQSADFP,0
FKPFAEYKSDYVYEP,0
FKSGRGCGSCFEIKC,0
FKTFEAAFTSSSKAA,0
FKVAATAAATAPADD,0
FLAVALVAGPAGSYA,0
FLAVAVVLGLATSPT,0
FLGCLVKEIPPRLLY,0
FLTGPLNFTGPCKGD,0
FMVAMFLAVAVVLGL,0
FNGGESKLKAEATTD,0
FNIQYVNYWFAPGAA,0
FPKEVWEQIFSTWLL,0
FRAAMATTANVPPAD,0
FRDRARVPLTSNNGI,0
FTVFEAAFNNAIKAG,0
FTVQKGSDPKKLVLD,0
FTVQKGSDPKKLVLN,0
FVAAAKYMVIQGEPG,0
FVAGAKYMVIQGEPG,0
FVHLGHRDNIEDDLL,0
FVVTGRVYCDPCRAG,0
FWAVRGGGGESFGIV,0
GAATVAAGAATTAAG,0
GAGAAPLSWSKEIYN,0
GAMAKKGDEQKLRSA,0
GAQLGELYYAIYKAS,0
GATVAVDCRPFNGGE,0
GAVDIINKWQVVAPQ,0
GCGSCFEIKCTKPEA,0
GDGFIDFNEFISFCN,0
GDGKISLSELTDALR,0
GDTMAEVELREHGSD,0
GELELQFRRVKCKYP,0
GEPKGAAESSSKAAL,0
GEVEIQFRRVKCKYP,0
GGACGYKDVDKPPFS,0
GGESFGIVVAWKVRL,0
GGGFGMLLRKYGIAA,0
GGGGESFGIVVAWQV,0
GGNFAGGGFGMLLRK,0
GILQAYDLRDAPETP,0
GITIKKTGQALVVGI,0
GIVVAWKVRLLPVPP,0
GKARTAWVDSGAQLG,0
GKGTLDGQGKAVWGK,0
GKKEEKKEEKKESGD,0
GKWLDAKSTWYGKPT,0
GLGWYKIEIDQDHQE,0
GLNITGVTCGPGHGI,0
GLSGEPKGGAESSSK,0
GLVPKLDAAYSVAYK,0
GMNPSHCNEMSWIQS,0
GMTGCGNTPIFKSGR,0
GNTPIFKSGRGCGSC,0
GPATPAAPAAGYTPA,0
GPGSTGLNITGVTCG,0
GPKDNGGACGYKDVD,0
GPTATFEAMYLGTCQ,0
GQKYFKGNFQRLAIT,0
GRSYAADAGYAPATP,0
GRYKDEKDVTDITVK,0
GSDPKKLVLDIKYTR,0
GSDPKKLVLNIKYTR,0
GSMAKKGDEQKLRSA,0
GTKGEAKDVIPEGWK,0
GTKTEAEDVIPEGWK,0
GTLHDKKSMGDDHFW,0
GVTCGPGHGISVGSL,0
GVTVKDVTITAPGDS,0
GVWTFDSEEPLQGPF,0
GYTPATPAAPAGAEP,0
HCNEMSWIQSIPFVH,0
HDKKSMGDDHFWAVR,0
HDYEGLSYRSLQPET,0
HRDNIEDDLLNRNNT,0
IAFFRKEPLKECGGI,0
IEGITLLNAKFFHMN,0
IFKISKTVSEGAVDI,0
IGTGDDCISIGPGST,0
IHIGDSSKVTITDTT,0
IHKASTVLAFPAGVC,0
IIAGTPEVHAVKPGA,0
IITPTNVSHIQSAVV,0
IKEKGKDKWIALKES,0
IKEKGKDKWIELKES,0
IKYTRPGDSLAEVEL,0
ILNTWLVKPGAGIMI,0
ILPNTLVLDFCDDAL,0
IMRIKKLTITGKGTL,0
INKWQVVAPQLPADL,0
INVGFKAAVAAAASV,0
IPAGELQIIDKIDAA,0
IPFVHLGHRDALEDD,0
IPKGDFLTGPLNFTG,0
IPTAFKIGKTYTPEE,0
IPTAFSIGKTYKPEE,0
IQSIPFVHLGHRDNI,0
IQYVNYWFAPGAGAA,0
ISATPEWATPFPHRK,0
ISFCNANPGLMKDVA,0
ITAMSEVQKVSQPAT,0
ITDTTIGTGDDCISI,0
ITKGKVDPTDYFRNE,0
ITKLGAKPDGKTDCT,0
IVPPADKYRTFVATF,0
IYECKGVTVKDVTIT,0
IYKASPTLAFPAGVC,0
KAAVAAAASVPAADK,0
KAFAEGLSGEPKGGA,0
KASPVLAFPAGVCPT,0
KCKYPEGTKVTFHVE,0
KDKWIALKESWGAIW,0
KDKWIELKESWGAIW,0
KDVTFRNITGTSSTP,0
KEDFLRCLVKEIPPR,0
KEIYNYMEPYVSKNP,0
KEPLKECGGILQAYD,0
KESGDAASGADGTYD,0
KEVEEAWASACGGTG,0
KFIPALEAAVKQAYA,0
KFPELGMNPSHCNEM,0
KGDEQKLRSAGELEL,0
KGDEQKLRSAGEVEI,0
KGNFQRLAITKGKVD,0
KGSNEKHLAVLVKYE,0
KGSNPNYLALLVKFV,0
KGSNPNYLALLVKYV,0
KHLAVLVKYEGDTMA,0
KIDAAFKVAATAAAT,0
KIEIDQDHQEEICEV,0
KIPKKASEGAVDIIN,0
KKEEKKESGDAASGA,0
KKGAGGITIKKTGQA,0
KLIEDINVGFKAAVA,0
KLLPVPPTVTIFKIS,0
KLRSAGELELQFRRV,0
KLRSAGEVEIQFRRV,0
KLTITGKGTLDGQGK,0
KLVLDIKYTRPGDSL,0
KLVLNIKYTRPGDSL,0
KNTIVIPKGDFLTGP,0
KNVFDDVVPEKYTIG,0
KPAAAATATATSAVG,0
KPPFSGMTGCGNTPI,0
KPTAAGPKDNGGACG,0
KPTGAGPKDNGGACG,0
KQAYAATVATAPEVK,0
KQQGIRYANPIAFFR,0
KSSKPLVGPFNFRFM,0
KSTNGLRIKSYEDAK,0
KTDCTKEVEEAWASA,0
KTGQALVVGIYDEPM,0
KTLEAAFTVSSKRNL,0
KTMAVCTNAKVTAKG,0
KTVSEGAVDIINKWQ,0
KVPPGPNITATYGDK,0
KVTAKGVSEANTCAA,0
KYDAYVATLSEALRI,0
KYKTFEAAFTVSSKR,0
KYMVIQGEPGAVIRG,0
KYMVIQGEPGRVIRG,0
LAKYKANWIEIMRIK,0
LASSCQVAFSYFPPP,0
LCSDKQPCNGVTMND,0
LDAAYSVAYKAAVGA,0
LDEVYNAAYNAADHA,0
LDGNLLSSNDLAKYK,0
LEAAVKQAYAATVAT,0
LGASPYKLGPSPKAR,0
LGHDGTVWAQSADFP,0
LGHRDALEDDLLNRN,0
LGQTIRNSRWSSPDN,0
LGTCQTLTPMMSSKF,0
LHFSEALHIIAGTPE,0
LHFSEALRIIAGTPE,0
LIEKINAGFKAALAA,0
LLAMAVLAALFAGAW,0
LLFCALASSCQVAFS,0
LLNAKFFHMNIYECK,0
LLNRNNSFKPFAEYK,0
LMCEIEGHHLASAAI,0
LNFTGPCKGDSVTIK,0
LNKMRAVWVDGKART,0
LPADLMIRIIAQGPK,0
LPRPPATPPPPPPPQ,0
LPVPPTVTVFKIPKK,0
LQGPFNFRFLTEKGM,0
LQPETFAVVDLNKMR,0
LRIKSYEDAKSPLTA,0
LSSNDLAKYKANWIE,0
LSYRSLQPETFAVVD,0
LTKKGNVWEVKSSKP,0
LVAGPAGSYAADLGY,0
LVDANGTLHDKKSMG,0
LVGPFNFRFMSKGGM,0
LVKFVAGDGDVVAVD,0
LVKPGAGIMIFDPYG,0
LVKYEGDTMAEVELR,0
LVKYVNGDGDVVAVD,0
LVLDFCDDALIEGIT,0
LVVGIYDEPMTPGQC,0
MAAHKFMVAMFLAVA,0
MADDMERIFKRFDTN,0
MANSRAFALVLLFCA,0
MASSSSVLLVVALFA,0
MASSSSVLLVVVLFA,0
MAVHQYTVALFLAVA,0
MGDDHFWAVRGGGGE,0
MGKATTEEQKLIEDV,0
MIRIIAQGPKATFEA,0
MKDFDEPGHLAPTGM,0
MKDLDEPGHLAPTGM,0
MLLRKYGIAAENVID,0
MSMASSSSSSLLAMA,0
MSSKFPELGMNASHC,0
MSWQTYVDEHLMCEI,0
MVVERLGDYLVEQGM,0
MYLGTCKTLTPLMSS,0
NAAYNAADHAAPEDK,0
NAGFKAALAAAAGVP,0
NASHCNEMSWIQSIP,0
NCVLKKSTNGLRIKS,0
NDAIKASTGGAYESY,0
NDVSTYASGKVWGQK,0
NFRFLTEKGMKNVFD,0
NFRFMSKGGMRNVFD,0
NGDGDVVAVDIKEKG,0
NGSAEVHRGAVPRRG,0
NKICTSKGDSARVTV,0
NLADAVSKAPQLVPK,0
NMVVERLGDYLVEQG,0
NPRQAYANYRDIDLG,0
NRNNTFKPFAEYKSD,0
NSCAKNYNCKILPNT,0
NVSHIQSAVVCGRRH,0
NVWEVKSSKPLVGPF,0
NYLALLVKFVAGDGD,0
NYLALLVKYVNGDGD,0
NYNCKILPNTLVLDF,0
PAADKFKTFEAAFTS,0
PADKYKTLEAAFTVS,0
PADKYRTFVATFGAA,0
PAGVCPTIGVGGNFA,0
PANDKFTVFEAAFNN,0
PATPAAPGAGYTPAT,0
PCKGDSVTIKLDGNL,0
PCRAGFETNVSHNVQ,0
PDNVKPIYIVTPTNA,0
PDTTCSEIEEFRDRA,0
PEEFAVVDLSKMRAV,0
PELGMNASHCNEMSW,0
PFTVRYTTEGGTKGE,0
PFTVRYTTEGGTKTE,0
PGDSLAEVELRQHGS,0
PGHGISVGSLGRYKD,0
PGMAKIPAGELQIID,0
PGPNITATYGGKWLD,0
PIIIDQKYCPNKICT,0
PISVTAPPPQLPRPP,0
PIYIVTPTNASHIQS,0
PKGGAESSSKAALTS,0
PLMSSKFPELGMNPS,0
PLSWSKEIYNYMEPY,0
PNITATYGDKWLDAK,0
PNTDGIHIGDSSKVT,0
PPPPQLGASPYKLGP,0
PPTVTIFKISKTVSE,0
PQVKYAVFEAALTKA,0
PRGGPGRSYAADAGY,0
PRLLYAKSSPAYPSV,0
PTIGVGGNFAGGGFG,0
PTLAFPAGVCPTIGV,0
PTPLAKEDFLRCLVK,0
PVTEEPGMAKIPAGE,0
PYGATISATPEWATP,0
PYVSKNPRQAYANYR,0
QAYAATVAAAPQVKY,0
QDHQEEICEVVLAKS,0
QFKPEEITGIMKDFD,0
QFKPEEITGIMKDLD,0
QFRRVKCKYPEGTKV,0
QGEPGAVIRGKKGAG,0
QGEPGRVIRGKKGAG,0
QKLIEDINASFRAAM,0
QKLIEDVNASFRAAM,0
QKYCPNKICTSKGDS,0
QLGELYYAIHKASPV,0
QLVPKLDEVYNAAYN,0
QPCNGVTMNDVKIEY,0
QPFPKTVWEQILNTW,0
QRMMAEIDTDGDGFI,0
QSAVVCGRRHSVRIR,0
QVAALTWVQTHIRGFGGD,0
QVAFSYFPPPAAKED,0
RCLVKEIPPRLLYAK,0
RFDTNGDGKISLSEL,0
RIDTPDKLTGPFTVR,0
RIDTPEVLKGPFTVR,0
RIIAGTLEVHAVKPA,0
RKGVLFNIQYVNYWF,0
RNEVVNDVSTYASGK,0
RNITGTSSTPEAVSL,0
RNSRWSSPDNVKPLY,0
RNVFDEVIPTAFKIG,0
RNVFDEVIPTAFSIG,0
RQHGSEEWEPLTKKG,0
RRHGVRIRVRSGGHD,0
RTFVATFGAASNKAF,0
RVIAQGPTATFEAMY,0
RVIRGKKGAGGITIK,0
RVPLTSNNGIKQQGI,0
RVWEQIFSTWLLKPG,0
RVYCDPCRAGFETNV,0
RWQVVAPQLPDDLMI,0
RYANPIAFFRKEPLK,0
SADEVQRMMAEIDTD,0
SADFPQFKPEEITGI,0
SDYVYEPFPKRVWEQ,0
SDYVYQPFPKTVWEQ,0
SEAQKAAKPAAAATA,0
SEIEEFRDRARVPLT,0
SERPAIVPPADKYRT,0
SFGIVVAWQVKLLPV,0
SGHAFGAMAKKGDEQ,0
SGIAFGSMAKKGDEQ,0
SGLVWGQKYFKGNFQ,0
SGTNNKTMAVCTNAK,0
SHIQSAVVCGRRHGV,0
SHNVQGATVAVDCRP,0
SKAALTSKLDAAYKL,0
SKGDSARVTVKDVTF,0
SKGGMRNVFDEVIPT,0
SKLKAEATTDGLGWY,0
SKLTYENVKMEDVGY,0
SLSELTDALRTLGST,0
SNKAFAEGLSGEPKG,0
SNNGIKQQGIRYANP,0
SPKARSERPAIVPPA,0
SPLTASKLTYENVKM,0
SQPATGAATVAAGAA,0
SRWSSPDNVKPIYIV,0
SSCEVALSYYPTPLA,0
SSKAATAKAPGLVPK,0
SSKVTITDTTIGTGD,0
SSPDNVKPLYIITPT,0
SSSSSLLAMAVLAAL,0
STGGAYDTYKCIPSL,0
STWLLKPGAGIMIFD,0
STWYGKPTAAGPKDN,0
STWYGKPTGAGPKDN,0
SVAYKAAVGATPEAK,0
SVGSLGRYKDEKDVT,0
SVKRSNGSAEVHRGA,0
SVLLVVALFAVFLGS,0
SVLLVVVLFAVFLGS,0
SVRIRVRSGGHDYEG,0
SVTIKLDGNLLSSND,0
SWIQSIPFVHLGHRD,0
TAAATAPADDKFTVF,0
TAKAPGLVPKLDAAY,0
TALKKAITAMSEAQK,0
TANVPPADKYKTLEA,0
TATAAVGAATGAATA,0
TATYGGKWLDAKSTW,0
TDALRTLGSTSADEV,0
TDDNEEPIAAYHFDL,0
TDDNEEPIAPYHFDL,0
TEEQKLIEKINAGFK,0
TEKGMKNVFDDVVPE,0
TFGAASNKAFAEGLS,0
TFHVEKGSNPNYLAL,0
TFTVEKGSNEKHLAV,0
TKGEGGVWTFDSEEP,0
TKPEACSGEPVVVHI,0
TLEVHAVKPAAEEVK,0
TLGSTSADEVQRMMA,0
TLTPMMSSKFPELGM,0
TPAAPAGAEPAGKAT,0
TPEAKFDSFVASLTE,0
TPESATPFPHRKGVL,0
TPFPHRKGVLFNIQY,0
TPGQCNMVVERLGDY,0
TPTNASHIQSAVVCG,0
TSAVGAPTGATTAAA,0
TSKLDAAYKLAYKTA,0
TSSTPEAVSLLCSDK,0
TTAAGAASGAATVAA,0
TTEEQKLIEDINVGF,0
TVAAAPQVKYAVFEA,0
TVLAFPAGVCPTIGV,0
TVTVFKIPKKASEGA,0
TVWAQSADFPQFKPE,0
TVWEQILNTWLVKPG,0
TYGDKWLDAKSTWYG,0
VALFAVFLGSAHGIP,0
VATLSEALRIIAGTL,0
VAWQVKLLPVPPTVT,0
VDCRPFNGGESKLKA,0
VDIINRWQVVAPQLP,0
VDPTDYFRNEQSIPP,0
VDSGAQLGELYYAIH,0
VFLGSAHGIPKVPPG,0
VFLGSAYGIPKVPPG,0
VGAATGAATAATGGY,0
VHAVKPVTEEPGMAK,0
VHRGAVPRRGPRGGP,0
VIDVKLVDANGTLHD,0
VIPAGELQVIEKVDA,0
VIPEGWKADTAYESK,0
VIPEGWKADTCYESK,0
VIPEGWKADTSYESK,0
VKEIPPRLLYAKSSP,0
VKIEYSGTNNKTMAV,0
VKLVDANGKLHDKKS,0
VKPLYIITPTNVSHI,0
VLAALFAGAWCVPKV,0
VLAKSPDTTCSEIEE,0
VNYWFAPGAAAAPLS,0
VPEKYTIGATYAPEE,0
VPPADKYKTFEAAFT,0
VPRRGPRGGPGRSYA,0
VRSGGHDYEGLSYRS,0
VSEALRIIAGTLEVH,0
VSKAPQLVPKLDEVY,0
VSSKRNLADAVSKAP,0
VSTFSSGLVWGQKYF,0
VTMNDVKIEYSGTNN,0
VVAPQLPADLMIRII,0
VVAVDIKEKGKDKWI,0
VVDLSKMRAVWVDGK,0
VVLFAVFLGSAYGIP,0
VVLGLATSPTAEGGK,0
VVVHITDDNEEPIAA,0
VVVHITDDNEEPIAP,0
VWGQKYFKGNFERLA,0
WEQIFSTWLLKPGAG,0
WGAIWRIDTPEVLKG,0
WKVRLLPVPPTVTVF,0
WLDAKSTWYGKPTAA,0
WLDAKSTWYGKPTGA,0
WSKDIYNYMEPYVSK,0
YANYRDIDLGRNEVV,0
YASGKVWGQKYFKGN,0
YDEPMTPGQCNMVVE,0
YEAFVLHFSEALHII,0
YEAFVLHFSEALRII,0
YEDAKSPLTASKLTY,0
YEGLSYRSLQPEEFA,0
YFKGNFERLAITKGK,0
YFPPPAAKEDFLGCL,0
YFRNEQSIPPLIKKY,0
YFRNEQSIPPLIQKY,0
YGIAAENVIDVKLVD,0
YHFDLSGHAFGAMAK,0
YHFDLSGIAFGSMAK,0
YKDVDKPPFSGMTGC,0
YKLGPSPKARSERPA,0
YNYMEPYVSKNPRQA,0
YRSLQPEEFAVVDLS,0
YTTEGGTKGEAKDVI,0
YTTEGGTKTEAEDVI,0
YTVALFLAVALVAGP,0
YTVFETALKKAITAM,0
YVDEHLMCEIEGHHL,0
YVYEPFPKEVWEQIF,0
YWFAPGAGAAPLSWS,0
YYAIHKASPVLAFPA,0
AIAVHSQTTDIPPCPHGWIS,0
ALMPMNMAPITGRALEPYIS,0
EFRASPFLECHGRGTCNYYS,0
FLVAHTRARAPSAGERARRS,0
IPPCPHGWISLWKGFSFIMF,0
IPSCPEGTVPLYSGFSFLFV,0
LGTLGSCLQRFTTMPFLFCN,0
LYSGFSFLFVQGNQRAHGQD,0
NPERMFRKPIPSTVKAGELE,0
NSYSFWLASLNPERMFRKPI,0
RCTVCEGPAIAIAVHSQTTD,0
TGRALEPYISRCTVCEGPAI,0
STDHPKYSDMIVAAIQAEKNR,0
DWMEEEEGAQREKE,0
SQKEEEEGAQREKE,0
VPVKKATVVYQGERV,0
AEIVMAIDSVHRLGYVHRDI,0
KVNFFRMVISNPAATHQDID,0
SILLMEGVPKSLN,0
VRSKDQFEFALTAVAEEVNA,0
AKKAVEDAQKALDDA,0
AKQKAPELTKKLEEA,0
ANGAMATGWAKVNGS,0
APAPKTGWKQENGMW,0
APEAPAEQPKPAPAP,0
ARRSEEEYNRLTQQQ,0
ASQPTVVRAEESPVA,0
ASVAILGAGFVASQP,0
ATGWLQYNGSWYYLN,0
AYQQATDKAAKDAAD,0
DAADKMIDEAKKREE,0
DEDQKKTEEKAALEK,0
DELDAEIAKLEDQLK,0
DQLKAAEENNNVEDY,0
DYDAAKKDAKNAKKA,0
GAMATGWLQYNGSWY,0
GSWYYLNANGAMATG,0
GWAKVNGSWYYLNAN,0
KAVAAVQQAYLAYQQ,0
KTDDQQAEEDYARRS,0
LDDAKAAQKKYDEDQ,0
LNANGAMATGWLQYN,0
LQYNGSWYYLNANGA,0
LSKLEELSDKIDELD,0
MATGWAKVNGSWYYL,0
MNKKKMILTSLASVA,0
NGMWYFYNTDGSMAT,0
PEKPAEQPKPEKTDD,0
QLAETKKKSEEAKQK,0
QWFKVSDKWYYVNGL,0
SPVASQSKAEKDYDA,0
TEADLKKAVNEPEKP,0
TIAAKKAELEKTEAD,0
TQQQPPKAEKPAPAP,0
TVRAMVVPEPEQLAE,0
VEDYFKEGLEKTIAA,0
VNGSWYYLNANGAMA,0
WYYLNANGAMATGWV,0
YYLNANGAMATGWAK,0
AHHPIWARMDA,0
CAPYFLGSVI,0
CTYSNEFCL,0
GGGGASMI,0
KNGGGGASMI,0
NGGGGASMI,0
GVYATRSSAVRLRSSVPGVR,0
RFFTLGSITAQPVKI,0
EGFTRLSFTAEEKAAH,0
ADDLEGEFTEETIRN,0
ASQLLDDGNGENYVD,0
AYRVTKDAQLSAPTK,0
DMGIKGDRGEIGPPG,0
DPYYDPTSSPSEIGP,0
ECQDVLDCADPVTPP,0
GPPGTMGPTGQVGDP,0
GPQGEPGPPGQQGNP,0
INGIIVFGTRILDEE,0
KGEAGPTGARGPEGP,0
KGEPAIIEPGMLIEG,0
KGHRGDPGPSGPPGP,0
KGKLGVPGLPGYPGR,0
KGPMVSAQESQAQAI,0
KTVLEIDTPKVEQVP,0
LLILIVLLGQFVSIK,0
LLLWAPPPSRAAQPA,0
LRGFPGDRGLPGPVG,0
PEDLGKEPTPSKKPV,0
PGPMGPIGSRGPEGP,0
PGPMGPLGIPGSSGF,0
PGPRGLLGPKGPPGP,0
PGPVGPPGSGGLKGE,0
PGPVGPPGSNGPVGE,0
PGRPGLPGADGLPGP,0
PGSVGPVGPRGPQGL,0
PPGLQGMPGERGIAG,0
PTGFQGLPGPPGPPG,0
PVWYGLDMNRGSQFA,0
QGPEGKLGPLGAPGE,0
QMTFLRLLSKEASQN,0
SGEYWIDPNQGSVED,0
SPVFLYEDHTGKPGP,0
TGAVGFAGPQGPDGQ,0
TGDVGQMGPPGPPGP,0
VDIMFNDFGEASQKF,0
VPVVTGIRGRPGPAG,0
LAIPQCRLTPLSRLPFGMAPGPGPQPG,0
IYFNTWTTCQSIAFPSKTSA,0
GVYYTTYAPQATSAH,0
FQRPTISSNSHAIFR,0
LLILRAIPEGIRDKGAK,0
TGKIINFIKFDTGNL,0
FSPSLEHPIVVSGSWD,0
AMVDSAMSRNVSVQDSAGVP,0
HDKDVAVLASSRLSNR,0
HDKDVAVLTSSRLSNR,0
HDKDVVVLASSRLSNR,0
HDKDVVVLTSSRLSNR,0
GGSILQTNFKSLSSTEF,0
GLNGPDIYKGVYQFKSVEFD,0
AKQLSAKDPNNKEFY,0
ENKDYFAVSDGVDVI,0
FTKLVENAKKTENKD,0
GINLETGGNAWFTKL,0
GKKDTTSGQKLKVVA,0
ITKNIAGDKIDLHSI,0
KDKFNKIPAEKKLIV,0
KEFYEKNLKEYTDKL,0
KEGDSYYSMMKYNLD,0
KGKEDPHAWLNLENG,0
KTSEADLIFYNGINL,0
KVVATNSIIADITKN,0
LENGIIFAKNIAKQL,0
LHSIVPIGQDPHEYE,0
LSAIILVACASGKKD,0
MKKLGTLLVLFLSAI,0
QIFTDSIAEQGKEGD,0
TDKLDKLDKESKDKF,0
VDVIYLEGQNEKGKE,0
VSQDTNIPIYAQIFT,0
YIWEINTEEEGTPEQ,0
YNLDKIAEGLAK,0
AEQFKQKALGLLQTASRQAE,0
AQGYKVLVLNPSVAATLGFG,0
AYCLWMMLLISQAEAALELIT,0
CGKYLFNWAVRTKLKLT,0
DQMWKCLIRLKPTLHGPTP,0
GIAYFSMVGNWAKVL,0
KLPINALSNSLLRHH,0
LENLVVLNAASVAGAHW,0
LGNIIQRLHGLSAFSLHSY,0
LMAFTAAVTSPLTTS,0
LQVLKEVKAAASKVKANL,0
VPPLRVWRHRARSVRAKLLSQGGRA,0
VPYFVRVQGLLRICALARKAV,0
WARMILMTHFFSVLIARDQLEQ,0
IALMFVCLIIMWLIC,0
IGTLKKILDETVKDKLAK,0
IIRFDENGVLLNNSF,0
ILQQQLIPCMDVVLQQHNIA,0
ISGIQYLAGLSTLPGNPA,0
IVTPRTPPPSQGK,0
KTSLYNLRRGTALAIPQCRLTPLSRL,0
LLDFLAMHLWRAVVR,0
LQIIDKIDAAFKVAA,0
LYGFVTLTLICSLIT,0
MDRPRTPPPSYSE,0
NPKFENIAEGLRALLARSHVERTTDE,0
NTWTTCQSIAFPSK,0
PQAQGSVQPQQLPQFEEIRN,0
PQPQLPYPQPQLPY,0
PSDKHIEQYLKKIQNSLSTEWS,0
AVFEAALTKAITAMS,0
RQYDPVAALFFFDIDL,0
SEFAYGSFVRTVSLPVGADE,0
TIGTLKKILDETVKDKIA,0
VDCYINLGARWSLDY,0
YDTYKCIPSLEAAVK,0
YVKQNTLKLA,0
